sample,Androgen,EGFR,Estrogen,Hypoxia,JAK-STAT,MAPK,NFkB,PI3K,TGFb,TNFa,Trail,VEGF,WNT,p53
V1_Breast_Cancer_Block_A_Section_1,1.9494220781210543,0.6701207558867363,-2.3256895364554033,2.620159617093723,12.41988913448027,-3.1634609409835712,-3.4610918371142882,-6.295609413162722,3.4640313814727617,4.473604393505226,-2.451882578960087,-0.060229405913213525,-1.1787604642915674,-5.284334517327453
V1_Breast_Cancer_Block_A_Section_2,1.888598938756021,0.6832630786474617,-2.34347807364025,2.286796513818497,12.233178833416428,-3.1435013549900246,-3.561938822332504,-6.39600944979884,2.887673109343628,4.455696178381218,-2.280759220599643,-0.07787909238831713,-1.188047676173442,-5.336368275709293
